{"table":[{"Id":"pot","Name":"gar","Image":"https://www.google.fr/images/branding/googlelogo/1x/googlelogo_color_272x92dp.png","Description":"ton","Price":"123"},{"Id":"pot","Name":"chacun","Image":"https://www.google.fr/images/branding/googlelogo/1x/googlelogo_color_272x92dp.png","Description":"son","Price":"78"},{"Id":"pot","Name":"st etienne","Image":"https://www.google.fr/images/branding/googlelogo/1x/googlelogo_color_272x92dp.png","Description":"st etienne","Price":"69"},{"Id":"pot","Name":"paris1","Image":"https://www.google.fr/images/branding/googlelogo/1x/googlelogo_color_272x92dp.png","Description":"paris1","Price":"125"}]}